index,title_avg_score
0,9.63880445795321
1,9.474452554744257
2,9.45317725752474
3,9.332878581173514
10,9.297190734352244
17,9.256020278833848
6,9.2305699481863
15,9.141738157403811
14,9.125375375375372
35,9.111940298507648
26,9.09281045751622
67,9.082517482517382
21,9.046239554317788
13,9.042399172699126
12,9.032883642495882
18,9.023486901535609
25,9.01690670006249
40,9.005973715651253
50,8.998517420311462
11,8.98680490103667
27,8.984461709212107
23,8.926873037236465
16,8.916457811194618
19,8.915182755388997
20,8.912366114897516
29,8.910828025477139
96,8.89334195216543
45,8.888959390862643
68,8.850844966935878
24,8.84244080145723
41,8.822784810126747
53,8.821656050955424
30,8.817590987868593
31,8.815950920245237
36,8.81194690265502
49,8.791469194312697
66,8.779475982532842
79,8.773324572930477
78,8.769520225776262
80,8.759191176470432
74,8.755803955287917
43,8.753398058252488
64,8.751236399604522
57,8.741265344664658
81,8.729625550660787
86,8.726384364820904
39,8.724383561644128
46,8.713286713286752
42,8.709573612228311
206,8.70853080568716
9,8.705019740552936
34,8.703900709219853
38,8.699933906147056
94,8.698714897667891
88,8.69358407079652
22,8.69273743016765
360,8.69270833333337
47,8.691856677524337
212,8.690949227373329
44,8.674498286833112
33,8.673469387755171
65,8.670498084291358
56,8.668148148148237
28,8.665236051502088
111,8.661745827984765
194,8.65886939571149
95,8.65564738292031
63,8.655392469687287
89,8.633788568538451
52,8.633241758241669
87,8.631197097944199
37,8.628171478565335
5,8.626168224298798
51,8.620477290223269
59,8.615247595297623
83,8.610490111779702
115,8.609756097561133
108,8.605757196495674
77,8.604683195592013
58,8.600433839479278
103,8.597852028639663
120,8.596581196581232
219,8.595356550580572
127,8.590082644628085
48,8.587421383647781
92,8.585400763358741
32,8.578144853875523
183,8.576023391812749
161,8.574493444576767
91,8.573240052470586
70,8.566358024691334
102,8.558052434456856
193,8.55462184873943
106,8.55314197051978
82,8.55025641025671
149,8.546329723225169
54,8.535419126328502
121,8.534858387799478
135,8.534136546184602
265,8.532150776053395
282,8.531154239019273
93,8.52914798206261
107,8.528158295281338
113,8.526203208556336
55,8.525773195876344
448,8.525581395348814
368,8.525000000000059
184,8.522222222222195
140,8.519040902679924
215,8.517543859649159
8,8.517153748411577
195,8.516320474777519
166,8.515390121689174
286,8.512690355330026
61,8.512014787430651
118,8.50771730300581
76,8.507291666666744
134,8.501792114695458
221,8.501136363636517
75,8.49772382397549
145,8.496855345912012
164,8.495157384987797
217,8.493233082706844
101,8.492407809110723
4,8.490026595744538
105,8.488817891373758
109,8.48851939825797
236,8.485887096774157
379,8.481971153846002
216,8.477715877437422
158,8.477657935285023
139,8.47581699346398
293,8.475177304964665
143,8.471074380165211
252,8.469827586206675
179,8.469635627530492
235,8.467878787878636
156,8.467226890756214
342,8.461472602739558
213,8.461368653421678
250,8.460036607687865
244,8.455142231947425
273,8.4543828264759
97,8.451145958986686
100,8.450632911392573
285,8.450370370370367
157,8.45000000000018
144,8.44999999999993
196,8.449189985272517
270,8.448979591836675
73,8.444670739986247
207,8.442731277532975
210,8.436964504284205
171,8.436906377204883
122,8.435619735258808
114,8.433106575963748
123,8.432153392330314
344,8.430907604251841
241,8.429298067141476
203,8.427616926503426
136,8.423042304230568
152,8.418181818181894
131,8.417965169569245
110,8.416983523447296
192,8.416530278232445
263,8.413553431798517
266,8.411417322834545
133,8.40934065934078
224,8.409090909090972
262,8.40729247478686
128,8.405131667792231
7,8.404522613065526
168,8.402263374485491
256,8.401997503121223
163,8.398345153664211
230,8.395739910313802
251,8.39331210191085
84,8.387931034482488
208,8.387586206896485
69,8.387339055793937
222,8.386419753086502
231,8.383322559793218
246,8.38159879336325
148,8.38066914498137
165,8.378378378378335
60,8.375791695988871
242,8.373902132998643
470,8.369202226345001
253,8.36600719424476
214,8.365671641790936
130,8.365313653136505
99,8.365055762082022
132,8.363764044943897
98,8.358929610238299
278,8.35645677694786
211,8.35394932935923
71,8.352745424292886
90,8.3492935635792
283,8.346966598500625
147,8.345875542691811
385,8.345070422535183
170,8.341935483870888
343,8.341625207296744
104,8.340611353711825
199,8.33923303834797
237,8.338420703384447
72,8.337010479867352
308,8.336557059961272
340,8.334975369458197
367,8.331737346101333
160,8.330827067669157
336,8.330733229329168
137,8.329390354868103
126,8.327641408751335
243,8.326568265682575
205,8.325110132158484
185,8.319571865443345
119,8.318051575931285
138,8.317415730337196
142,8.316442605997745
298,8.316436251920097
418,8.315670800450842
85,8.315533980582305
146,8.314339981006757
327,8.31041524846841
234,8.309923664122014
414,8.309128630705349
141,8.308571428571328
394,8.308152580404002
396,8.306372549019644
291,8.3061516452074
209,8.305599999999835
284,8.304048892284074
422,8.299337748344426
227,8.298896690070247
304,8.296325878594292
162,8.29535864978898
188,8.293902439024356
112,8.29144736842124
264,8.291124260354996
376,8.289085545722642
355,8.289048473967535
154,8.288135593220407
271,8.285365853658588
296,8.284126984127033
393,8.283224400871413
290,8.277841561423683
229,8.277330264671962
316,8.277108433734925
190,8.275123558484353
317,8.27357032457497
169,8.273516642546934
495,8.272952853597987
383,8.268601190476371
370,8.268436578171189
186,8.267132867132867
295,8.266666666666758
320,8.266016713091894
202,8.264415156507324
125,8.262734584450321
269,8.26224328593988
178,8.262101534828682
341,8.261329305135986
220,8.26086956521733
302,8.260512820512986
116,8.259668508287396
280,8.259656652360592
326,8.256893073301871
358,8.255494505494443
415,8.25525210084021
430,8.254583551597559
395,8.253196930946274
191,8.251517779704997
402,8.250596658711268
432,8.250398724082874
328,8.25
390,8.247776365946542
488,8.246305418719205
176,8.24555160142344
258,8.244517543859716
172,8.243470149253803
303,8.243194192377466
173,8.243023255813835
240,8.242346938775599
431,8.23941605839418
299,8.23676012461056
257,8.232580961727036
382,8.231287425149446
450,8.230894308942977
305,8.229370629370605
324,8.228000000000055
419,8.227138643067706
337,8.227118644068046
404,8.225806451612858
275,8.225053078556137
476,8.222764227642168
489,8.22085889570553
124,8.217777777777867
197,8.217741935483897
417,8.217547000895179
357,8.216774193548263
384,8.216269841269872
129,8.216216216216244
353,8.215827338129472
499,8.2156308851225
268,8.215474209650598
272,8.215033301617721
398,8.214087117701627
155,8.21406727828742
301,8.213607594936624
452,8.212727272727209
292,8.210869565217521
294,8.210221793635398
245,8.208112874779543
225,8.206584362140157
479,8.206081081081011
436,8.205240174672397
153,8.204472843450338
287,8.204210526315606
254,8.203980099502568
323,8.202980837473536
315,8.19813519813522
410,8.197104677060242
391,8.194706994328948
490,8.192245557350574
433,8.191539365452558
380,8.189419795221836
249,8.188436830835142
492,8.18744473916903
416,8.185441941074565
117,8.185240963855355
339,8.183788121990617
498,8.181616832779586
446,8.181594083812607
187,8.181200453001113
388,8.181149732620286
451,8.177037686240318
151,8.17623497997342
426,8.173426573426632
381,8.173304628632854
420,8.171848013816987
400,8.170506912442411
200,8.169517884914423
274,8.167375886524885
228,8.16608391608393
412,8.165991902834126
347,8.164467005076219
338,8.163576881134045
159,8.161030595813068
238,8.157181571815592
456,8.156982670744336
462,8.156729131175448
487,8.155234657039724
279,8.154305200340946
478,8.153921568627299
346,8.153846153846173
464,8.15277777777781
204,8.150392817059567
310,8.148488830486112
460,8.146341463414641
455,8.146341463414625
297,8.146341463414604
167,8.145549738220085
330,8.145491803278675
201,8.144654088050272
312,8.14362657091567
281,8.142543859648995
447,8.141055045871537
62,8.140947752126491
443,8.139878950907708
3368,8.136986301369864
399,8.135164835164739
413,8.131652661064434
306,8.130248500428324
449,8.129649309245657
352,8.128536782538491
349,8.126721763085433
175,8.126245847176243
261,8.124113475177236
442,8.123623011015976
223,8.123222748815216
259,8.116352201257847
406,8.115853658536613
377,8.115686274509727
276,8.115068493150698
480,8.11411042944774
182,8.109175377468087
267,8.108775137111538
473,8.092553931802538
445,8.091809180918066
289,8.091633466135498
375,8.090694935217744
407,8.08914728682163
454,8.08816120906808
378,8.08658922914473
311,8.083333333333261
325,8.081712062256573
497,8.08154506437768
373,8.081162324649144
496,8.080550098231688
434,8.07999999999997
469,8.079694323144185
472,8.075280898876375
345,8.07167235494885
372,8.06947368421058
260,8.065432098765369
288,8.058726220016784
218,8.054945054945131
427,8.054207119741296
441,8.053254437869793
467,8.052679382379425
321,8.046312178387636
474,8.043782837127859
307,8.042016806722827
174,8.035555555555515
354,8.03354746609563
247,8.032258064516103
248,8.032075471698134
3050,8.028571428571437
444,8.027004219409516
386,8.02691511387171
428,8.02642113690961
369,8.020408163265456
437,8.01546391752573
440,8.011864406779635
475,8.011796733212371
429,8.011070110701148
468,8.00988467874786
409,8.006578947368359
177,8.005395683453212
232,8.001763668430282
3225,8.0
453,7.9987373737374075
371,7.993421052631658
362,7.9917203311868565
239,7.989506820566731
411,7.985865724381527
189,7.983074753173502
333,7.981603153745049
491,7.979064039408802
180,7.9667896678966095
314,7.9665955934614034
309,7.966139954853187
392,7.964022140221431
405,7.963636363636387
423,7.960629921259732
334,7.960377358490498
461,7.955069124423971
150,7.9534313725489785
331,7.953103448275866
403,7.952517985611565
226,7.943844492440672
350,7.94066147859934
198,7.939711664482278
332,7.932465419039825
3226,7.922222222222219
322,7.91612903225812
3498,7.9150943396226605
3565,7.912727272727307
486,7.908440629470601
359,7.908304498269827
421,7.904330312185269
425,7.904046242774651
3396,7.903225806451598
3697,7.898876404494374
348,7.898156277436319
3949,7.890510948905104
389,7.8858230256899295
397,7.8843457943924475
255,7.8727984344422985
3862,7.87058823529412
318,7.8690012970167595
3211,7.867924528301876
3052,7.8640776699029304
3165,7.851485148514835
3016,7.84971098265896
319,7.848987108655708
438,7.847402597402634
3191,7.84042553191489
482,7.838340486409192
3047,7.837837837837819
365,7.835593220339008
3306,7.835164835164844
300,7.835117773019206
3486,7.831460674157299
459,7.830564784053099
374,7.829836829836837
233,7.82896764252693
483,7.826315789473592
3483,7.81651376146791
277,7.812627291242306
3584,7.8125
3449,7.802469135802472
3260,7.8019801980198045
424,7.799263351749641
3786,7.797752808988773
313,7.794642857142904
3540,7.7943925233645
4090,7.79259259259257
364,7.792307692307733
458,7.786729857819872
3974,7.781879194630867
471,7.78125
3794,7.778947368421053
3080,7.776315789473674
361,7.772600186393175
3307,7.772151898734179
3284,7.768000000000006
457,7.766917293233036
387,7.764521193092661
3114,7.76237623762377
3137,7.7619047619047965
401,7.756010685663524
4153,7.7558139534883805
3741,7.752941176470587
3133,7.747967479674798
3933,7.747252747252749
3206,7.741721854304621
484,7.7367387033399515
3009,7.736111111111093
3296,7.7307692307692335
366,7.730088495575089
3179,7.73006134969326
4124,7.727999999999982
3536,7.727272727272737
3666,7.724770642201851
3239,7.723880597014946
3864,7.723684210526312
3496,7.723404255319144
3298,7.720000000000019
3733,7.719298245614029
351,7.719266055045865
3607,7.717791411042971
3643,7.715909090909086
439,7.713339640491774
356,7.711058263971549
3168,7.705882352941172
3166,7.704347826086965
3707,7.6991150442478
3658,7.696629213483146
3506,7.6944444444444535
493,7.6938775510204325
3340,7.691056910569127
329,7.69094138543514
3265,7.690058479532145
3341,7.690000000000013
3078,7.68707482993196
3445,7.679104477611958
335,7.677475898334759
466,7.676938369781248
181,7.67650531286903
3585,7.672897196261685
3698,7.671428571428577
465,7.67045454545469
4047,7.66990291262137
4051,7.669724770642206
3397,7.6692913385826635
3560,7.669172932330842
3328,7.669117647058808
4003,7.668965517241394
3173,7.668032786885255
3770,7.666666666666656
3850,7.664516129032252
3493,7.659999999999998
4082,7.657142857142848
3375,7.65625
3579,7.654952076677237
3648,7.650485436893186
4120,7.647887323943672
435,7.647058823529393
3085,7.644927536231878
3224,7.640522875816968
4018,7.637096774193539
3135,7.636363636363645
3190,7.63492063492065
3048,7.6300366300366065
3291,7.629921259842499
3198,7.628787878787876
3815,7.626016260162602
3419,7.625
3011,7.624203821656033
3495,7.623188405797116
3147,7.623188405797116
3117,7.620481927710872
3554,7.618421052631572
3380,7.6183206106870465
3212,7.609756097560988
3161,7.6040669856458925
3087,7.601990049751272
3822,7.600000000000013
3116,7.599999999999984
481,7.5982456140350445
494,7.598145285935063
3572,7.597701149425276
3283,7.596774193548405
3129,7.59473684210525
3520,7.594594594594584
3637,7.592274678111603
3132,7.588235294117657
3028,7.588235294117609
4073,7.587786259541985
3337,7.587301587301574
3013,7.584699453551909
4088,7.583333333333346
3045,7.583333333333328
3214,7.582089552238812
408,7.5817490494296305
3623,7.581081081081065
3435,7.577142857142847
3903,7.576923076923088
3115,7.57657657657659
3167,7.576036866359418
3232,7.572687224669607
4162,7.5691056910569285
3911,7.568181818181823
3512,7.568106312292406
3671,7.566878980891717
3389,7.564971751412462
3590,7.563909774436076
3588,7.56302521008402
3662,7.561497326203174
477,7.560728744939295
4004,7.5599999999999925
3188,7.557768924302768
3829,7.556451612903207
3490,7.553846153846164
3200,7.553784860557749
4178,7.553719008264465
3772,7.553030303030287
3547,7.55284552845527
3183,7.5528455284552525
3739,7.552631578947356
363,7.551724137931029
3136,7.545454545454525
3324,7.5441176470588
3015,7.543589743589769
3003,7.541666666666655
3488,7.5416107382552156
3385,7.541062801932394
3523,7.539877300613505
3268,7.539358600583052
3977,7.539130434782606
3535,7.538834951456303
3904,7.538461538461515
3605,7.536121673003833
3292,7.5357142857143
3989,7.535477767265741
3169,7.534412955465557
3673,7.5333333333333465
3139,7.5308219178082245
3405,7.529411764705863
3141,7.529411764705858
3336,7.527777777777798
3092,7.527644230769275
3172,7.526570048309169
3149,7.5264423076923475
3159,7.526315789473672
3473,7.524822695035478
3627,7.5234375
3752,7.522988505747127
3758,7.522633744855967
4122,7.522471910112375
3032,7.522243713733125
3591,7.520917678812246
3063,7.5208333333333375
3727,7.5205479452054975
3789,7.520547945205476
3134,7.5186440677966395
3925,7.518324607329828
3582,7.517857142857161
3814,7.517587939698471
3709,7.517241379310333
3539,7.517241379310319
3734,7.517094017094
3999,7.516129032258057
3468,7.514705882352929
3730,7.514450867052026
3065,7.513677811550185
3071,7.513157894736863
3418,7.512422360248408
3936,7.51219512195121
3242,7.510204081632698
3884,7.508960573476726
3124,7.5088757396449655
3110,7.507352941176465
3098,7.507246376811536
3210,7.506561679790096
3184,7.505730659025783
4158,7.505681818181825
3035,7.5051020408163716
3218,7.503703703703665
3312,7.503267973856194
3157,7.501858736059433
3947,7.50183150183148
3614,7.5
3195,7.5
3205,7.5
3008,7.498866213151851
3479,7.497936726272274
3522,7.497757847533644
3661,7.497175141242925
3099,7.496535796766703
3564,7.494791666666666
3143,7.493827160493817
3383,7.493617021276582
3062,7.493383742911186
3451,7.491620111731867
3331,7.491183879093149
3798,7.490304709141272
3301,7.4879032258064155
3060,7.487804878048791
3111,7.487755102040857
3478,7.487500000000002
3955,7.48749999999998
3959,7.486631016042792
3394,7.486607142857125
3653,7.48580441640383
463,7.485373781148371
3600,7.485342019544023
3113,7.4852941176469825
3699,7.485148514851502
3125,7.485074626865702
3448,7.484848484848497
3049,7.484419263456098
3281,7.484375
3476,7.484141791044751
3150,7.481481481481511
3577,7.481283422459907
3140,7.48026315789475
3081,7.480091012514151
4087,7.479797979797983
3712,7.4791666666666625
3022,7.478688524590232
3708,7.4786729857819605
3669,7.478448275862088
3164,7.478260869565215
3971,7.477611940298514
4123,7.477477477477508
3805,7.475490196078449
3516,7.474137931034474
3332,7.473581213307197
3128,7.472843450479268
3054,7.4726775956284275
3295,7.472622478386209
3249,7.471544715447175
3199,7.470443349753655
3793,7.468354430379724
3907,7.467980295566507
3681,7.467230443974594
3937,7.466666666666682
3287,7.465317919075156
3223,7.464497041420143
3704,7.464285714285728
3562,7.463999999999993
3027,7.462349397590475
3819,7.462184873949542
3720,7.461794019933511
3454,7.461538461538523
3278,7.461254612546104
3067,7.460636515912914
3619,7.460629921259851
3910,7.459770114942545
3044,7.459227467811069
4175,7.458715596330279
3620,7.4585152838428055
3626,7.455357142857137
3826,7.455032119914259
3002,7.454713493530539
3484,7.454545454545453
3316,7.454005934718081
3038,7.4530892448512125
3950,7.453061224489817
3001,7.451724137931024
3823,7.451178451178472
4029,7.4509803921568825
3144,7.450892857142821
3580,7.450549450549476
3576,7.449781659388674
3771,7.449735449735477
3990,7.4495412844036855
3204,7.449324324324358
3628,7.449275362318807
3163,7.449197860962606
3736,7.4490398818317445
3915,7.4485294117647225
3095,7.448275862068997
3555,7.448132780082969
3845,7.448113207547148
3589,7.44747081712059
3847,7.446969696969714
4168,7.44680851063831
3246,7.446529080675519
3068,7.446153846153784
3046,7.445783132530164
3833,7.444444444444383
3487,7.44370860927148
3426,7.443627450980362
3245,7.443037974683607
3186,7.442893401015351
3485,7.442211055276398
3194,7.442000000000006
3309,7.44139650872818
3663,7.440119760479046
3017,7.439024390243947
3019,7.438030560271702
3367,7.437931034482749
3075,7.4375
3482,7.436915887850445
3377,7.436868686868695
3914,7.436363636363622
3018,7.434343434343561
3073,7.433925049309758
3109,7.43333333333334
3548,7.432584269662916
4080,7.432397959183624
3856,7.432142857142887
3890,7.432098765432101
3897,7.431623931623952
3944,7.431578947368467
3940,7.431558935361279
3039,7.43132530120485
3056,7.430882352941223
3112,7.430872483221438
3320,7.430809399477775
3160,7.430656934306615
3413,7.430656934306611
3801,7.430379746835452
3025,7.429802955664932
4031,7.429347826086977
3053,7.428741092636548
4070,7.428571428571436
3259,7.427710843373466
3066,7.427109974424599
3185,7.426666666666642
3091,7.426470588235212
3747,7.425714285714272
3365,7.4256410256410454
3196,7.425531914893667
3041,7.4253835425383
3456,7.425324675324657
4028,7.424561403508745
3951,7.423868312757175
3434,7.423728813559223
3773,7.423566878980872
3670,7.42307692307691
3806,7.423076923076909
3406,7.422929936305731
3335,7.422802850356255
4042,7.422619047619039
3943,7.422310756972133
3349,7.4221311475409
3422,7.421875
3532,7.421499292786396
3696,7.421412300683323
3217,7.421393841166827
3728,7.421052631578958
3121,7.42084432717656
4032,7.420289855072473
3266,7.4201585503963114
3711,7.420000000000002
3072,7.41970802919712
3093,7.418072289156686
3061,7.417834394904356
3629,7.416666666666635
3304,7.4166666666666305
3051,7.416184971098268
3489,7.4161712247323734
3928,7.41597337770377
3494,7.4143999999999926
3748,7.414122137404648
3347,7.413662239089235
3243,7.412982126058466
4159,7.412935323383098
4181,7.411764705882343
3395,7.411564625850355
3785,7.411359724612786
3187,7.411087866108644
3058,7.411051212938127
3388,7.410358565737013
3537,7.410041841004234
3455,7.409326424870426
3480,7.409266409266373
3122,7.4092140921408705
3302,7.409090909090901
3290,7.408723747980648
3514,7.408602150537647
3432,7.408396946564946
3359,7.408396946564851
3247,7.408040201004964
3119,7.407673860911269
3665,7.407407407407399
3797,7.407407407407393
3945,7.4072398190044995
3263,7.407172995780572
4057,7.406926406926441
3374,7.406839622641449
3366,7.40589887640453
3057,7.405766526019574
3642,7.405405405405417
4050,7.405405405405414
3070,7.405405405405291
3518,7.404825737265442
3431,7.404600811907932
3123,7.404399323181112
3412,7.404255319148897
3069,7.4041450777203055
4146,7.404081632653061
3404,7.40397350993376
3721,7.403921568627475
3592,7.403141361256533
4092,7.403141361256533
3538,7.403100775193747
3874,7.402439024390236
3460,7.402366863905279
3059,7.4016227180527485
3371,7.401459854014562
3604,7.401140684410623
3258,7.4007782101167034
3229,7.400485436893181
3208,7.4001901140684
3703,7.400000000000057
3855,7.399999999999985
4137,7.399433427762055
3738,7.398791540785478
3639,7.3987341772151725
3930,7.3986254295532525
3424,7.3984375
3439,7.398333333333426
3345,7.398305084745748
3462,7.397923875432674
3513,7.397515527950366
3743,7.396475770925101
3094,7.396414342629544
3233,7.396407185628878
4142,7.395939086294383
4166,7.395900755123942
3230,7.39555555555557
3030,7.395387149917765
3178,7.395348837209213
3310,7.39488320355975
3023,7.39458413926503
3376,7.394435351882185
3543,7.394009216589885
3566,7.393939393939455
3497,7.393229166666655
3037,7.3925822253324585
3158,7.392307692307672
3612,7.391949152542429
3020,7.391882900865146
3609,7.391752577319599
3343,7.391402714932152
3274,7.391304347826032
3231,7.391224862888514
3131,7.391217564870212
3171,7.390787518573532
3958,7.390728476821203
3803,7.390697674418583
3534,7.390339425587553
3678,7.3900928792569855
3339,7.390041493775926
3768,7.390022675736911
3443,7.390018484288281
3120,7.38967468175375
3313,7.389610389610411
3285,7.389380530973494
3026,7.389112903225669
3277,7.3890339425588305
3906,7.388349514563081
3968,7.387376237623677
3363,7.387254901960793
4161,7.387096774193539
3338,7.387019230769269
3399,7.386363636363665
4074,7.3862433862433745
4176,7.386206896551759
3086,7.386167146974021
4101,7.386046511627909
3567,7.385650224215227
4005,7.384615384615387
3492,7.384479717813064
485,7.384476534296246
3180,7.38392238392229
3254,7.383870967742023
3834,7.382165605095485
4121,7.381443298969083
3692,7.381313131313155
3979,7.3808664259927435
3308,7.380829015543965
3863,7.38053097345131
3715,7.379765395894512
3471,7.379661016949195
3042,7.379056950398078
3464,7.378333333333436
4001,7.378306878306842
3417,7.378151260504185
3660,7.378119001919431
3271,7.3780487804878865
3314,7.377289377289356
3241,7.377285851780487
3251,7.377008652657506
3517,7.376237623762342
3083,7.376146788990813
3440,7.37610619469024
4077,7.37484276729546
3632,7.374468085106396
4069,7.374301675977671
4075,7.374269005847962
3221,7.373964497041323
4089,7.3739495798319545
3425,7.373660030627845
3007,7.373268698060888
4012,7.373211963589065
3886,7.372972972972994
3408,7.372596153846181
3079,7.372523117569405
3491,7.3725165562914015
3348,7.3722943722942595
3649,7.372093023255758
3289,7.371629542790224
4036,7.371584699453553
4107,7.371549893842848
3315,7.371403661726398
3546,7.371150729335546
3954,7.370646766169115
3076,7.370642201834904
4016,7.370481927710885
4163,7.369565217391286
3360,7.368977673325411
4046,7.368965517241362
3299,7.368932038834956
3222,7.368705035971265
4138,7.368613138686166
3227,7.368330464715887
3082,7.368107302533502
3597,7.367504835589902
4009,7.36705882352941
3714,7.366666666666617
3871,7.366071428571406
3155,7.365963855421771
3861,7.365740740740723
3527,7.365624999999974
3322,7.3654524089306515
3759,7.365384615384629
3088,7.365301724137897
3257,7.364905284147481
3926,7.364864864864855
3687,7.364795918367278
4014,7.363919129082311
3170,7.363636363636286
3253,7.362801377726752
3437,7.36276849642009
3207,7.361661945231386
3305,7.361653272100983
3311,7.361386138613853
3595,7.361031518624675
3568,7.360962566844907
4143,7.3609022556391785
3694,7.360488798370633
3244,7.360323886639836
3647,7.360160965794843
3912,7.35999999999996
3077,7.359375
3410,7.35934959349596
3040,7.359133126935112
3469,7.3584905660377435
3391,7.358490566037743
3717,7.358490566037705
3744,7.358391608391673
3334,7.358108108108114
3475,7.35807860262019
3791,7.3577075098814655
3652,7.357446808510684
3421,7.357377049180292
3182,7.357298474945463
3807,7.357142857142855
3386,7.356867779204191
3531,7.356466876971587
3074,7.3564102564102605
3511,7.35623869801077
3651,7.355158730158676
3552,7.355048859934867
3779,7.354961832061169
3293,7.354938271604954
3500,7.354581673306762
4128,7.354385964912303
3151,7.353919239904954
3369,7.353915662650449
3641,7.353543979504839
3438,7.352904820766275
3553,7.35275080906133
3853,7.352572145545892
3021,7.352331606217555
3843,7.352071005917123
3215,7.351598173515981
4021,7.351247600767718
3559,7.351247600767716
3615,7.350855745721363
3820,7.350446428571439
3960,7.35034802784227
3659,7.350132625994738
3220,7.349883630721562
3684,7.349745331069462
3450,7.349697885196305
3713,7.349397590361503
3530,7.349206349206478
3689,7.348901098901106
4076,7.3487654320988005
4052,7.348336594911897
3529,7.347150259067349
3630,7.3470681458002485
3766,7.346420323325666
3557,7.346356916578752
3754,7.346153846153818
3481,7.345971563981039
3625,7.345631067961214
3706,7.345572354211747
3541,7.345534407027931
3756,7.345483359746499
3467,7.345454545454543
4111,7.345335515548308
4011,7.3452685421994355
3919,7.345132743362804
4102,7.345054945054928
4026,7.345029239766066
3852,7.344907407407392
3686,7.34486166007901
3679,7.344748858447603
3344,7.344502617801202
3499,7.3443223443224595
3839,7.344070278184511
3570,7.3439490445859965
3780,7.343839541547261
4025,7.343653250773973
3810,7.34352941176465
3956,7.343249427917687
4103,7.341981132075486
3012,7.341930729550528
3880,7.34191176470586
3677,7.341761115954752
3321,7.34152765583826
3216,7.341379310344804
3690,7.341269841269728
3683,7.341052631579029
3740,7.340707964601748
3616,7.340659340659331
3868,7.340527577937662
3603,7.3404592240695425
3148,7.340386384544454
3723,7.339762611275931
3470,7.339597315436262
4062,7.339449541284405
3472,7.339095744680884
3680,7.339041095890436
3270,7.338345864661698
3920,7.338266384777968
3849,7.3376963350785225
3300,7.337647058823612
3583,7.337412587412517
3776,7.337121212121082
3618,7.3370165745856
3745,7.336853220696881
3297,7.336605890603095
3828,7.336585365853673
3250,7.336448598130954
3672,7.336414048059073
3452,7.336309523809579
3005,7.33626373626381
3504,7.336213102951673
3551,7.336056009334906
3749,7.335958005249279
4145,7.335784313725517
3329,7.335607094133605
3705,7.335453100159042
3688,7.334210526315812
3878,7.334177215189828
3441,7.333746898262986
3162,7.333333333333385
3407,7.333333333333379
4035,7.3333333333333695
3640,7.333333333333341
3202,7.333333333333318
3987,7.3327828241124475
3401,7.33274956217158
3209,7.332692307692361
4034,7.332361516034986
3276,7.332320162107241
3153,7.332268370606981
3596,7.332116788321066
4078,7.33211009174319
3587,7.332103321033186
3181,7.331821617535792
3725,7.331395348837257
3373,7.331249999999979
3382,7.331234256927002
3657,7.33033033033033
3569,7.330300272975378
3294,7.330221703617172
3993,7.330166270783881
3875,7.329729729729756
4095,7.329545454545483
4110,7.3294255568580615
3598,7.329411764705861
3844,7.329341317365278
3282,7.32927818329267
3420,7.328333333333142
3838,7.327731092436865
3655,7.327610872675295
3664,7.3267175572518735
3813,7.326693227091652
3633,7.326343381389256
3883,7.3258426966292145
3964,7.325581395348813
3737,7.325581395348806
3872,7.325581395348792
3695,7.32555673382829
3563,7.325503355704725
3333,7.324305555555688
3556,7.324222431668208
3726,7.324027916251198
3601,7.323751891073907
3392,7.322829131652534
3447,7.321548821548761
3650,7.321428571428565
3997,7.321266968325764
3130,7.3212520593079855
4129,7.3211009174311865
3701,7.321064996084605
3675,7.320930232558117
3962,7.320366132723087
4044,7.320328542094523
3064,7.319819819819789
3542,7.318574514038966
3821,7.3176178660049676
3203,7.316863587540195
3502,7.316780821917769
3474,7.316770186335374
3769,7.316749585406336
3645,7.3164983164983
3219,7.316129032258001
3804,7.316115702479273
3953,7.315521628498709
3796,7.3153846153845805
3700,7.315334773218023
3976,7.315294117647102
3913,7.3152173913043175
4105,7.314907872696859
4180,7.314732142857189
4038,7.314453125
3760,7.314432989690655
3718,7.314033366045088
3444,7.313825896122745
3586,7.313543599257963
3571,7.31317494600433
4170,7.313043478260933
4053,7.312274368230881
3935,7.312154696132584
3654,7.311650485436969
3735,7.311435523114346
4165,7.311403508771945
3594,7.311399443929746
3777,7.310823311748273
3961,7.310708898944135
3237,7.310611384398911
3842,7.31044776119408
4185,7.310344827586232
3893,7.310167310167339
3980,7.309523809523829
3549,7.308853118712252
3668,7.3086705202312965
4155,7.3085714285714385
4117,7.308351177730253
3763,7.307547169811285
3400,7.307359307359319
4033,7.307300509337886
4106,7.3072625698323534
4086,7.3068340306835085
3691,7.306593406593473
3967,7.306532663316598
3236,7.306441525953982
3646,7.306358381502851
4164,7.306273062730667
3948,7.306243805748386
3503,7.3047357584074994
3330,7.303825136612143
3415,7.302811824080706
3985,7.302670623145403
3685,7.302277432712195
3788,7.302203567681091
3901,7.301948051948076
3090,7.301824212272007
3722,7.301780693533196
3899,7.301749271136966
3782,7.300404858299717
3458,7.299760191846457
3917,7.2994923857868255
3941,7.2993197278911195
3887,7.299012693935152
4115,7.298863636363501
4084,7.298029556650241
4112,7.297800338409528
3851,7.297512437810855
3108,7.297297297297455
3876,7.296568627451019
3193,7.296529968454494
3881,7.296137339055803
4002,7.295815295815355
3939,7.295589988081043
3866,7.295398009950115
3398,7.295161290322546
4043,7.2951541850220485
3761,7.294915254237095
3264,7.2948479205461245
3783,7.29444444444447
3891,7.29441624365481
4151,7.2942643391520825
3342,7.294167371090283
3831,7.29380993897121
3781,7.293405114400938
4045,7.29296875
3818,7.292904290428905
3865,7.292817679557984
3889,7.292746113989645
3581,7.292161520190089
4065,7.292134831460691
3816,7.2906504065040325
3084,7.2900874635568345
3477,7.289693593314861
3867,7.289693593314858
3459,7.288956127080284
3403,7.288397790055334
3729,7.288135593220397
3998,7.2880116959064045
3840,7.287862513426325
4023,7.2874999999999615
3106,7.287477954144557
3390,7.286252354048897
3273,7.28601398601388
3873,7.2859304084719625
3812,7.285714285714426
4154,7.284210526315758
4116,7.283613445378212
3811,7.283529411764827
4083,7.28318584070797
4169,7.28315412186383
3835,7.2824858757061905
4156,7.282222222222154
3724,7.282196969696995
4141,7.2820083682008425
3895,7.281582952815865
3558,7.281489594742489
3965,7.281431334622743
3952,7.2813102119461055
4113,7.281282316442504
3969,7.281167108753345
3942,7.280830280830187
3561,7.280487804878026
3799,7.2797927461140315
4020,7.279755849440395
3393,7.2797202797201574
3963,7.279359430604935
3036,7.279336734693762
4094,7.279086366880806
4017,7.279069767441835
3869,7.278481012658188
3841,7.277777777777733
3877,7.275707898658759
3848,7.275280898876385
3638,7.2748344370861115
3719,7.274576271186391
3387,7.273712737127419
3827,7.273356401384049
3802,7.273255813953509
3732,7.273092369477875
3860,7.2729729729729335
3981,7.27261904761898
3882,7.272383354350512
3416,7.272290809327935
3957,7.271800679501819
4152,7.271762208068
3043,7.271624898949083
4133,7.271164021164028
3892,7.27008928571425
4097,7.269535673839238
3370,7.269230769230784
3921,7.269061121613057
3411,7.26890756302521
4098,7.2686868686869
3323,7.268681780016779
3879,7.2686567164179205
4136,7.268542199488438
3836,7.268363636363584
4059,7.26802884615395
3105,7.268023748939634
3578,7.267993874425842
3859,7.267985611510876
4171,7.267676767676758
3982,7.267595307917874
3656,7.267260579064659
4024,7.26704545454549
3830,7.267045454545341
3234,7.266975308642024
4039,7.266120777891683
3924,7.265889830508341
3934,7.2657613967021595
4049,7.265588914549805
3033,7.264400377714939
3430,7.263736263736124
3634,7.263466042154521
4060,7.2626953125
3824,7.262404580152836
4126,7.262295081967236
4187,7.262032085561592
4135,7.26197757390407
3885,7.261213720316758
3089,7.260638297872402
3636,7.2604611443211775
3808,7.26025459688835
3972,7.260217983651267
4132,7.259124087591116
4022,7.258587786259407
4063,7.258585858585804
3817,7.25789860396783
3790,7.257889009793203
3635,7.2578125
4147,7.256680161943236
3508,7.256613756613683
4055,7.255747126436795
4085,7.255663430420734
3275,7.255564082885682
4179,7.255201109570229
4182,7.254521963824204
3731,7.2540610786223825
3988,7.2540322580644405
3280,7.253254437869818
4148,7.252927400468317
4067,7.252873563218531
4184,7.2525547445256136
4027,7.251914893617093
4186,7.251436781609275
3975,7.251432664756247
3175,7.250993377483572
3795,7.250909090909091
3427,7.25088841506762
4140,7.250755287009069
4066,7.250649350649274
3436,7.249563699825545
3896,7.248628884826514
3286,7.248351648351669
3362,7.245664739884228
4099,7.244477172312284
3442,7.24396782841818
3932,7.242092457420834
4118,7.241908006814348
3992,7.24127617148566
4081,7.240437158469976
3858,7.24021962937528
4104,7.2391304347825685
3409,7.238095238095283
3986,7.236263736263844
3667,7.233823529411818
4064,7.232995658465958
3775,7.232369942196548
4172,7.232142857142834
3929,7.2317624273726775
3894,7.2308313155771895
3676,7.230053191489612
3983,7.229777256740836
4093,7.22957198443588
3593,7.229342327150161
3201,7.228023793787185
3573,7.226755852842671
4079,7.226158038147245
3156,7.224516129032143
3898,7.223782771535495
3101,7.222838137472314
4013,7.221563981042648
3446,7.22123331214243
3870,7.22118380062305
3991,7.2211668928085615
4127,7.220375722543392
3402,7.21971830985918
3702,7.218009478672828
4177,7.2178619756426805
4167,7.216163583252371
3644,7.215547703180171
3014,7.214513556618838
4131,7.2140845070422515
3519,7.2140151515151105
3303,7.2126865671643
3248,7.212189616252777
4160,7.207885304659547
4071,7.207606973058672
3261,7.2063591022445195
3361,7.205719557195405
3379,7.2043596730245465
3923,7.201394943330357
3521,7.199063231850192
3966,7.195833333333318
3622,7.194518125552534
3617,7.192802056555273
3192,7.191521574564819
7021,7.189189189189172
3524,7.188717948717828
3710,7.187566988210148
3100,7.186978297162002
3526,7.186372745491065
3682,7.185212845406771
3096,7.1851494696238705
4149,7.184713375796146
3252,7.1844349680169035
7036,7.182692307692306
3599,7.181208053691135
3854,7.1810526315786944
3031,7.179524152847826
3107,7.178186429930105
3103,7.176334106728664
3902,7.174418604651196
3825,7.173652694610657
4072,7.1714995857499035
4109,7.169811320754839
3978,7.16700201207242
3545,7.166772352568072
3809,7.166269368295615
3318,7.164969450101854
3235,7.164396003632885
3606,7.1638755980858795
7045,7.163043478260873
3174,7.16220472440929
4100,7.160818713450381
3154,7.1605080831407815
3414,7.158590308370084
4119,7.156069364161807
3575,7.153846153846055
7034,7.151515151515135
3126,7.1509433962264595
3378,7.147985347985177
3055,7.145862552594621
3765,7.144945963127648
3716,7.144011756061596
3000,7.143985952589915
3004,7.143421052631582
3127,7.143401983218835
4068,7.143366619115319
4150,7.14224598930474
3145,7.135702746365286
3970,7.135231316726118
3501,7.135188866799154
4041,7.133971291865863
3176,7.132558139534838
4157,7.132379248658276
3317,7.130023640661905
3984,7.129476584022075
3118,7.128532360984533
3325,7.127197518097144
3510,7.126923076923051
3024,7.126919967663612
4096,7.125200642054554
3197,7.123587570621446
3574,7.121602288984291
4130,7.121111111111229
7057,7.1192660550458715
7030,7.115000000000008
7025,7.114503816793898
3787,7.114337568058089
3326,7.114173228346598
7044,7.111675126903558
3279,7.110882956878866
3213,7.1103515625
3755,7.10909090909082
7032,7.108843537414948
3753,7.105882352941374
4091,7.10518292682916
3097,7.104236718224665
4139,7.103104212860391
3550,7.101952277657182
4048,7.1006493506494754
7104,7.096219931271448
3832,7.095419847328231
3104,7.095330739299493
3927,7.095238095238078
3602,7.093730602110299
3837,7.093516209476189
3453,7.088201603665527
3900,7.084507042253549
7018,7.082840236686373
3528,7.080503144654097
3272,7.078811369508979
7011,7.0787401574803015
3905,7.078358208955248
7114,7.077669902912624
7066,7.0774647887324065
3346,7.076335877862419
3621,7.074074074073988
3238,7.072843450479272
3846,7.072639225181719
7012,7.072289156626516
3916,7.072192513369145
7099,7.070351758793988
3466,7.06695156695159
3774,7.065403422982857
3918,7.065136935603103
3994,7.062084257206162
3267,7.0572049239682295
4061,7.055944055944039
7047,7.055900621117992
7007,7.055555555555547
3995,7.055087987758196
4056,7.054421768707472
3465,7.050682261208623
3750,7.050520059435366
3800,7.050000000000033
7073,7.049586776859511
3240,7.0485829959515485
7071,7.0485436893203905
7024,7.048000000000001
3262,7.0475206611572005
7088,7.0444444444444585
3428,7.043835616438439
3784,7.042837078651541
4010,7.039744499645166
4125,7.038461538461673
4174,7.036106750392555
3006,7.035971223021654
3515,7.0333333333335295
7084,7.033333333333343
4054,7.03167898627249
3327,7.030850263356062
4108,7.030098280098183
3505,7.026654411764816
7049,7.022058823529399
7051,7.020689655172418
7098,7.020618556701037
7082,7.020408163265303
3857,7.020250723240021
7111,7.0174418604651425
4015,7.0160771704179385
3010,7.014642549526114
3288,7.014084507042289
7083,7.010452961672449
3146,7.010425020048211
3792,7.008856682769822
3152,7.0087890625
3624,7.006849315068403
3319,7.0067396798651265
7028,7.005847953216395
3778,7.0031982942430195
7048,7.001745200698128
7026,7.0
3973,7.0
7087,7.0
4058,6.998603351955347
7003,6.996774193548389
7077,6.996491228070209
7108,6.996350364963517
7004,6.9955357142857135
4007,6.994573643411005
7019,6.991017964071918
10267,6.990291262135918
3931,6.98747763864048
7037,6.982651796778225
7000,6.979319546364375
7062,6.979166666666686
7022,6.978672985781952
3364,6.978632478632635
4134,6.977945809703712
7079,6.977777777777767
3693,6.977324263038315
7014,6.977142857142871
7109,6.976486860304254
7117,6.975609756097579
3674,6.975267379679246
3996,6.975109809663232
4006,6.974424552429765
7017,6.9742489270386185
7107,6.973805855161694
4037,6.971590909090871
7040,6.9712643678160715
7005,6.970588235294139
3746,6.9684466019416815
7076,6.9683860232944665
3228,6.967441860465182
7035,6.967213114754111
3102,6.966244725738486
7115,6.965944272445782
4000,6.964460784313793
7086,6.963888888888918
7070,6.962601626016288
7067,6.962264150943386
7039,6.962264150943386
7097,6.960707269155165
7010,6.959889349930863
3608,6.959785522788205
7080,6.957107843137238
7002,6.955454545454619
3509,6.954070981210861
7058,6.953757225433498
10140,6.9532710280373875
7112,6.953020134228162
7103,6.9484210526316
7015,6.948369565217435
7013,6.9461161651506185
3384,6.945767195767272
3922,6.945636623748213
7059,6.943636363636211
7023,6.942418426103699
3189,6.941027801179365
7031,6.939490445859917
4144,6.936532507740005
3381,6.935570469798609
3757,6.934604904632326
7068,6.9345603271983025
7092,6.932885906040268
3269,6.931988041853415
7075,6.931129476583935
7078,6.931034482758609
7106,6.9307984790875
7042,6.929999999999994
7095,6.929845422116477
7118,6.926713947990564
3255,6.925824175824267
7038,6.925619834710865
7033,6.923954372623517
7001,6.923664122137411
7110,6.922588099364724
7041,6.9219219219219275
7029,6.921787709497194
3888,6.916291629162759
4114,6.911744738628792
7072,6.911589008363143
3177,6.910828025477712
3461,6.907643312101816
3909,6.90740740740761
7020,6.906666666666674
7094,6.906655142610312
3525,6.9048525214082295
7009,6.902777777777596
7027,6.899451553930576
7090,6.8984375
7091,6.8962962962962715
7081,6.89167616875701
3764,6.890522875816895
3946,6.887665198237874
7043,6.887499999999989
7016,6.887147335423261
3138,6.88382484361044
7101,6.879310344827601
7089,6.878205128205108
3029,6.877409406322165
3751,6.875793930839793
3507,6.875351452670911
3463,6.874015748031524
4030,6.872496662216377
7105,6.870825456836787
7085,6.870445344129565
7008,6.850325379609481
3034,6.850000000000133
4183,6.847355769230748
3908,6.847058823529505
3631,6.843833185447937
3433,6.840308370044098
3256,6.838137472283881
3142,6.829473684210491
10235,6.827235772357833
3767,6.826086956521815
7093,6.825242718446696
3423,6.823450134770907
3610,6.819628647214817
7006,6.81578947368417
4173,6.813373253493143
4040,6.807557117750532
7069,6.785039370078943
3762,6.769290724863765
3938,6.760683760683679
7054,6.758241758241753
7096,6.755223880597158
7113,6.7425742574257495
10134,6.737057220708364
10126,6.7324561403509
3457,6.717791411042878
7074,6.7140410958904555
10373,6.692307692307706
3742,6.691301000769968
10026,6.683760683760699
10191,6.6742081447963795
4008,6.6722488038276575
7046,6.670504871567633
10119,6.649606299212579
3533,6.6482300884955
10174,6.645714285714321
10066,6.640243902439013
3611,6.638939670932178
10190,6.633093525179869
10024,6.630769230769234
10036,6.627906976744214
10167,6.626168224299061
10054,6.625
10103,6.624309392265207
10355,6.622994652406355
10150,6.6229508196721465
10175,6.622448979591821
10202,6.621875000000031
10204,6.620087336244525
3372,6.612720848056516
10221,6.610705596107018
10342,6.610586011342106
10188,6.609433962264124
10034,6.607594936708869
3613,6.607003891050445
10051,6.606770833333322
10315,6.606498194945809
10297,6.605150214592264
10046,6.604921394395167
10052,6.604116222760246
10302,6.603896103896093
10027,6.602803738317728
10154,6.602244389027492
10159,6.602076124567375
10200,6.5999999999999845
10106,6.594692400482577
10238,6.594639865996461
10230,6.594630872483297
10071,6.593220338983037
10042,6.593059936908504
10296,6.59130434782607
10029,6.587525150905345
10198,6.586345381526074
10331,6.5862632869993245
10184,6.585898709036824
10242,6.584788029925217
10288,6.584761904761872
10127,6.5839999999999845
10289,6.583057577763011
10259,6.582857142857158
10115,6.581560283687956
10293,6.581439393939454
10037,6.580152671755668
10120,6.579365079365069
10243,6.578523489932926
10322,6.5773809523809605
10179,6.577142857142833
10039,6.576470588235309
10228,6.576335877862578
10161,6.575268817204315
10023,6.57522123893797
10334,6.5751376868609075
10041,6.574712643678145
10285,6.574162679425743
10049,6.573976915005242
10358,6.573948439620015
10047,6.573934837092725
10177,6.573913043478219
10374,6.573187414500682
10380,6.572964669738786
10308,6.5725190839693965
10062,6.572226656025356
10280,6.571428571428566
10329,6.571428571428562
10156,6.5711864406780185
10143,6.5702746365104785
10370,6.569732937685499
10196,6.5694618272840675
10332,6.5686274509803715
10247,6.568067226890793
10213,6.567717996289475
10209,6.56736035049289
10340,6.566243194192529
10040,6.565326633165852
10218,6.5652173913043645
10304,6.5646258503401285
10225,6.564356435643573
10272,6.563636363636386
10044,6.563451776649775
10121,6.5633187772925785
10056,6.562334217506683
10053,6.561403508771943
10232,6.561093247588383
10199,6.559880239520922
10057,6.559837728194757
10070,6.559670781892996
10319,6.559610705596105
10110,6.559139784946202
10360,6.556900726392167
10158,6.5555555555556175
10375,6.554528650647013
10032,6.553571428571419
10065,6.553459119496736
10277,6.552123552123544
10125,6.551383399209498
10035,6.551330798479154
10028,6.551136363636317
10061,6.5508474576271265
10197,6.550802139037438
10050,6.550420168067214
10160,6.549427679500623
10214,6.5493562231759554
10312,6.547743966421871
10131,6.546992481203083
10388,6.546875
10171,6.545180722891527
10256,6.544999999999993
10314,6.544338335606982
10145,6.542476970317399
10234,6.542372881355954
10124,6.542124542124558
10060,6.542105263157889
10294,6.541666666666685
10043,6.5416666666666226
10025,6.541387024608452
10362,6.541208791208827
10320,6.541176470588221
10201,6.541095890410989
10068,6.540514775977229
10074,6.539823008849494
10055,6.538827258320262
10215,6.538563829787207
10398,6.537313432835776
10220,6.536534446764106
10372,6.536398467433114
10153,6.5360824742268075
10072,6.536082474226793
10384,6.5358224016145
10357,6.5357142857142785
10168,6.534883720930228
10182,6.5342465753424435
10363,6.534124629080168
10382,6.533101045296123
10249,6.5321375186845465
10352,6.530785562632731
10031,6.5300751879699375
10203,6.52958579881664
10141,6.529411764705866
10164,6.52941176470586
10387,6.528175740209993
10224,6.5277777777778185
10129,6.527777777777802
10350,6.527704485488106
10142,6.527646129541946
10135,6.527431421446356
10364,6.526564344746169
10107,6.526011560693634
10333,6.525547445255438
10231,6.525252525252517
10317,6.522140221402284
10328,6.521457489878426
10303,6.519756838905777
10236,6.518987341772159
10132,6.517857142857126
10206,6.517654896735608
10244,6.516516516516505
10030,6.515957446808523
10226,6.51592356687899
10118,6.515723270440268
10192,6.515432098765407
10353,6.514705882352994
10185,6.514285714285724
10250,6.513793103448173
10310,6.513274336283188
10292,6.513071895424848
10229,6.51301115241632
10048,6.512820512820519
10166,6.509127789046696
10144,6.5088757396449655
10313,6.508557457212682
10394,6.50819672131143
10338,6.506993006993019
3544,6.506968641115044
10148,6.506849315068503
10183,6.50485436893202
10383,6.503875968992306
10283,6.503536067892544
10133,6.502994011976052
10262,6.502814258911749
10248,6.502702702702684
10217,6.501259445843827
10216,6.5
10128,6.5
10211,6.5
10305,6.5
10356,6.5
10278,6.498447204969012
10138,6.498141263940555
10151,6.498039215686275
10207,6.497757847533644
10064,6.497409326424868
10116,6.49714285714287
10178,6.4968553459119605
10346,6.496828752642654
10067,6.496644295301994
10311,6.496644295301993
10152,6.495327102803733
10193,6.495283018867912
10268,6.494565217391281
10309,6.493150684931565
10287,6.493150684931507
10114,6.493023255813954
10240,6.492831541218602
10187,6.491525423728817
10111,6.490683229813646
10117,6.489795918367348
10246,6.488888888888894
10155,6.48787061994608
10253,6.487632508833936
10369,6.487341772151914
10381,6.487012987012998
10295,6.48684210526315
10222,6.486833654463937
10130,6.48672566371684
10391,6.486381322957188
10077,6.486363636363537
10273,6.486111111111096
10318,6.484615384615382
10186,6.4845070422534805
10165,6.484210526315791
10321,6.4838709677419395
10306,6.4835164835164925
10252,6.483253588516757
10181,6.483018867924552
10076,6.481876332622544
10290,6.479674796747978
10377,6.476190476190459
10109,6.475138121546942
10385,6.475138121546938
10033,6.4747474747474705
10361,6.474157303370739
10366,6.471999999999989
10219,6.471962616822431
10299,6.471744471744431
10301,6.47058823529414
10389,6.47058823529414
10345,6.470187393526428
10162,6.468926553672307
10239,6.4685314685314905
10136,6.468354430379721
10059,6.464788732394367
10298,6.4645669291338645
10330,6.460843373494018
10274,6.460317460317467
10286,6.459183673469396
10269,6.459090909090928
10146,6.454545454545451
10279,6.453376205787757
10063,6.45258620689653
10359,6.452513966480435
10180,6.452380952380905
10282,6.447619047619051
10392,6.4472049689441056
10123,6.446808510638285
10112,6.446428571428566
10122,6.446428571428561
10045,6.445887445887432
10261,6.443478260869564
10157,6.443037974683536
10343,6.442822384428232
10176,6.442105263157889
10390,6.441379310344817
10399,6.43838383838378
10237,6.438297872340405
10194,6.436619718309879
10284,6.434065934065956
10395,6.432000000000008
10371,6.430954587581198
10275,6.42962962962963
10341,6.428571428571438
10367,6.428571428571436
3429,6.427856547122482
10339,6.426315789473697
10291,6.426229508196718
10327,6.425373134328345
10354,6.422222222222219
10223,6.422018348623852
10335,6.4211663066954685
10104,6.419642857142858
10376,6.419354838709668
10323,6.416867469879473
10368,6.416666666666667
10393,6.410386320456192
10245,6.410256410256425
10212,6.40625
10233,6.401785714285708
10075,6.401598401598439
10271,6.399343544857717
10208,6.398058252427179
10241,6.397849462365581
10137,6.393617021276584
10069,6.392307692307678
10170,6.3825136612022035
10365,6.382352941176491
10324,6.3822393822393515
10347,6.381502890173436
10386,6.380952380952399
10205,6.380952380952399
10326,6.376543209876528
10149,6.376344086021505
10266,6.375
10263,6.373493975903615
10210,6.367647058823535
10254,6.365591397849468
10189,6.359223300970874
10336,6.352380952380944
10058,6.34705882352943
10378,6.346368715083819
10073,6.342342342342353
10113,6.341666666666665
10348,6.321839080459768
10227,6.311111111111127
10264,6.308394160583912
10147,6.308333333333321
10251,6.303370786516848
10307,6.30107526881721
10344,6.296703296703298
10195,6.29557157569523
10349,6.275510204081629
10258,6.2751677852348156
10379,6.274999999999988
10325,6.262626262626265
10257,6.25
10300,6.244444444444454
10396,6.240506329113928
10163,6.2402597402597255
10281,6.238805970149257
10265,6.2334698654183285
10139,6.222222222222226
10397,6.221052631578957
10316,6.220869565217423
10260,6.218775510204069
10173,6.2083333333333295
10169,6.189739413680636
10105,6.184944237918061
10108,6.174004192872159
10276,6.165600000000077
10255,6.1571929824560625
10270,6.139784946236549
4019,6.130255564715498
10351,5.988372093023258
10337,5.957142857142856
10038,5.923244026068234
10172,5.706666666666618
